{
    "passwords": [
        {
            "id": 1,
            "machine_name": "Servidor 1",
            "ip": "192.168.1.1",
            "login": "admin",
            "password": "senha123s",
            "added_by": "admin",
            "last_modified_by": null
        },
        {
            "id": 2,
            "machine_name": "Servidor 2",
            "ip": "192.168.1.2",
            "login": "user",
            "password": "outrasenha",
            "added_by": "admin",
            "last_modified_by": null
        },
        {
            "id": 3,
            "machine_name": "osint",
            "ip": "10.5.206.6",
            "login": "admin",
            "password": "administrator",
            "added_by": "admin"
        },
        {
            "id": 4,
            "machine_name": "Servidor 4",
            "ip": "192.168.1.4",
            "login": "usuario",
            "password": "123senha",
            "added_by": "admin",
            "last_modified_by": null
        },
        {
            "id": 5,
            "machine_name": "Servidor 5",
            "ip": "192.168.1.5",
            "login": "adm",
            "password": "senhasegura",
            "added_by": "admin",
            "last_modified_by": null
        },
        {
            "id": 6,
            "machine_name": "Servidor 6",
            "ip": "192.168.1.6",
            "login": "admin",
            "password": "senha123s",
            "added_by": "admin",
            "last_modified_by": null
        },
        {
            "id": 7,
            "machine_name": "Servidor 7",
            "ip": "192.168.1.7",
            "login": "usuario",
            "password": "123senha",
            "added_by": "admin",
            "last_modified_by": null
        },
        {
            "id": 8,
            "machine_name": "Servidor 8",
            "ip": "192.168.1.8",
            "login": "adm",
            "password": "senhasegura",
            "added_by": "admin",
            "last_modified_by": null
        },
        {
            "id": 9,
            "machine_name": "Servidor 9",
            "ip": "192.168.1.9",
            "login": "admin",
            "password": "senha123s",
            "added_by": "admin",
            "last_modified_by": null
        },
        {
            "id": 10,
            "machine_name": "Servidor 10",
            "ip": "192.168.1.10",
            "login": "usuario",
            "password": "123senha",
            "added_by": "admin",
            "last_modified_by": null
        },
        {
            "id": 11,
            "machine_name": "Servidor 11",
            "ip": "192.168.1.11",
            "login": "adm",
            "password": "senhasegura",
            "added_by": "admin",
            "last_modified_by": null
        },
        {
            "id": 12,
            "machine_name": "Servidor 12",
            "ip": "192.168.1.12",
            "login": "admin",
            "password": "senha123s",
            "added_by": "admin",
            "last_modified_by": null
        },
        {
            "id": 13,
            "machine_name": "Servidor 13",
            "ip": "192.168.1.13",
            "login": "usuario",
            "password": "123senha",
            "added_by": "admin",
            "last_modified_by": null
        },
        {
            "id": 14,
            "machine_name": "Servidor 14",
            "ip": "192.168.1.14",
            "login": "adm",
            "password": "senhasegura",
            "added_by": "admin",
            "last_modified_by": null
        },
        {
            "id": 15,
            "machine_name": "Servidor 15",
            "ip": "192.168.1.15",
            "login": "admin",
            "password": "senha123s",
            "added_by": "admin",
            "last_modified_by": null
        },
        {
            "id": 16,
            "machine_name": "Servidor 16",
            "ip": "192.168.1.16",
            "login": "usuario",
            "password": "123senha",
            "added_by": "admin",
            "last_modified_by": null
        },
        {
            "id": 17,
            "machine_name": "Servidor 17",
            "ip": "192.168.1.17",
            "login": "adm",
            "password": "senhasegura",
            "added_by": "admin",
            "last_modified_by": null
        },
        {
            "id": 18,
            "machine_name": "Servidor 18",
            "ip": "192.168.1.18",
            "login": "admin",
            "password": "senha123s",
            "added_by": "admin",
            "last_modified_by": null
        },
        {
            "id": 19,
            "machine_name": "Servidor 19",
            "ip": "192.168.1.19",
            "login": "usuario",
            "password": "123senha",
            "added_by": "admin",
            "last_modified_by": null
        },
        {
            "id": 20,
            "machine_name": "Servidor 20",
            "ip": "192.168.1.20",
            "login": "adm",
            "password": "senhasegura",
            "added_by": "admin",
            "last_modified_by": null
        }
    ],
    "notes": []
}